{
  "run_name": "gt12.0_ms0.02_k0.5_s0",
  "mode": "harm",
  "seed": 0,
  "gain_target": 12.0,
  "min_scale": 0.02,
  "harm_k": 0.5,
  "final_loss": 4.697174072265625,
  "final_acc": 0.046875,
  "max_gain_raw_max": 49.18357467651367,
  "max_gain_applied_max": 13.014923095703125,
  "harm_scale_mean": 0.8802992545596627,
  "harm_scale_min": 0.542985009604042,
  "floor_hits": 0,
  "time_sec": 715.2172456581611
}