{
  "run_name": "harm_s0",
  "mode": "harm",
  "seed": 0,
  "steps": 2,
  "completed_steps": 2,
  "gain_target": 5.0,
  "scale_floor": 0.05,
  "harm_k": 1.0,
  "final_accuracy": 0.0,
  "final_loss": 5.4260640144348145,
  "max_raw_gain": 1.005528450012207,
  "max_applied_gain": 1.005528450012207,
  "mean_applied_gain": 1.0052281618118286,
  "std_applied_gain": 0.00030028820037841797,
  "min_scale": 1.0,
  "mean_scale": 1.0,
  "floor_hits": 0,
  "runtime_seconds": 0.5364622620400041,
  "device": "cuda:0 NVIDIA GB10",
  "hostname": "gx10-e313",
  "commit_sha": "71be6567d492762cd995ca8927cb27e637cf6645",
  "python": "3.14.3",
  "torch": "2.11.0+cu130",
  "status": "completed",
  "final_acc": 0.0,
  "max_gain_raw_max": 1.005528450012207,
  "max_gain_applied_max": 1.005528450012207,
  "harm_scale_mean": 1.0,
  "harm_scale_min": 1.0,
  "time_sec": 0.5364622620400041
}