{
  "run_name": "hc_s2",
  "mode": "hc",
  "seed": 2,
  "steps": 15000,
  "completed_steps": 15000,
  "gain_target": 12.0,
  "scale_floor": 0.02,
  "harm_k": 0.5,
  "final_accuracy": 0.125,
  "final_loss": 3.8799800872802734,
  "max_raw_gain": 740.982421875,
  "max_applied_gain": 740.982421875,
  "mean_applied_gain": 165.85752735599394,
  "std_applied_gain": 178.39470436423252,
  "min_scale": 1.0,
  "mean_scale": 1.0,
  "floor_hits": 0,
  "runtime_seconds": 16490.59977888805,
  "device": "cuda:0 NVIDIA GB10",
  "hostname": "dgx",
  "commit_sha": "71be6567d492762cd995ca8927cb27e637cf6645",
  "python": "3.14.3",
  "torch": "2.11.0+cu130",
  "status": "completed",
  "final_acc": 0.125,
  "max_gain_raw_max": 740.982421875,
  "max_gain_applied_max": 740.982421875,
  "harm_scale_mean": 1.0,
  "harm_scale_min": 1.0,
  "time_sec": 16490.59977888805
}