{
  "run_name": "gt12.0_ms0.05_k0.5_s0",
  "mode": "harm",
  "seed": 0,
  "gain_target": 12.0,
  "min_scale": 0.05,
  "harm_k": 0.5,
  "final_loss": 4.75952672958374,
  "final_acc": 0.046875,
  "max_gain_raw_max": 9.626858711242676,
  "max_gain_applied_max": 9.626858711242676,
  "harm_scale_mean": 1.0,
  "harm_scale_min": 1.0,
  "floor_hits": 0,
  "time_sec": 276.86659133597277
}