{
  "run_name": "harm_s0",
  "mode": "harm",
  "seed": 0,
  "steps": 15000,
  "completed_steps": 15000,
  "gain_target": 12.0,
  "scale_floor": 0.02,
  "harm_k": 0.5,
  "final_accuracy": 0.046875,
  "final_loss": 4.640178680419922,
  "max_raw_gain": 653.6419067382812,
  "max_applied_gain": 12.40385913848877,
  "mean_applied_gain": 9.541390891998045,
  "std_applied_gain": 3.4590891028718413,
  "min_scale": 0.3300171739369831,
  "mean_scale": 0.7829981061475447,
  "floor_hits": 0,
  "runtime_seconds": 7841.992619993864,
  "device": "cuda:0 NVIDIA GB10",
  "hostname": "gx10-e313",
  "commit_sha": "71be6567d492762cd995ca8927cb27e637cf6645",
  "python": "3.14.3",
  "torch": "2.11.0+cu130",
  "status": "completed",
  "final_acc": 0.046875,
  "max_gain_raw_max": 653.6419067382812,
  "max_gain_applied_max": 12.40385913848877,
  "harm_scale_mean": 0.7829981061475447,
  "harm_scale_min": 0.3300171739369831,
  "time_sec": 7841.992619993864
}