{
  "run_name": "res_scale_s0",
  "mode": "res_scale",
  "seed": 0,
  "steps": 4,
  "completed_steps": 4,
  "gain_target": 5.0,
  "scale_floor": 0.05,
  "harm_k": 1.0,
  "residual_scale": 0.25,
  "final_accuracy": 0.0,
  "final_loss": 4.016358375549316,
  "max_raw_gain": 1.0092681646347046,
  "max_applied_gain": 1.0023212432861328,
  "mean_applied_gain": 1.0021626651287079,
  "std_applied_gain": 0.0001373594276391752,
  "min_scale": 1.0,
  "mean_scale": 1.0,
  "floor_hits": 0,
  "runtime_seconds": 0.14550057204905897,
  "device": "cpu",
  "hostname": "dgx",
  "commit_sha": "db9c517a62c4b07a0556514f8d343d5d797442a6",
  "python": "3.14.3",
  "torch": "2.11.0+cu130",
  "status": "completed",
  "final_acc": 0.0,
  "max_gain_raw_max": 1.0092681646347046,
  "max_gain_applied_max": 1.0023212432861328,
  "harm_scale_mean": 1.0,
  "harm_scale_min": 1.0,
  "time_sec": 0.14550057204905897
}