{
  "run_name": "mhc_s2",
  "mode": "mhc",
  "seed": 2,
  "steps": 15000,
  "completed_steps": 15000,
  "gain_target": 12.0,
  "scale_floor": 0.02,
  "harm_k": 0.5,
  "final_accuracy": 0.046875,
  "final_loss": 4.693682670593262,
  "max_raw_gain": 415.68548583984375,
  "max_applied_gain": 1.0308250188827515,
  "mean_applied_gain": 1.0293430782133532,
  "std_applied_gain": 0.0007113221931096434,
  "min_scale": 1.0,
  "mean_scale": 1.0,
  "floor_hits": 0,
  "runtime_seconds": 8596.726288253907,
  "device": "cuda:0 NVIDIA GB10",
  "hostname": "gx10-e313",
  "commit_sha": "71be6567d492762cd995ca8927cb27e637cf6645",
  "python": "3.14.3",
  "torch": "2.11.0+cu130",
  "status": "completed",
  "final_acc": 0.046875,
  "max_gain_raw_max": 415.68548583984375,
  "max_gain_applied_max": 1.0308250188827515,
  "harm_scale_mean": 1.0,
  "harm_scale_min": 1.0,
  "time_sec": 8596.726288253907
}