{
  "run_name": "hc_s1",
  "mode": "hc",
  "seed": 1,
  "steps": 15000,
  "completed_steps": 15000,
  "gain_target": 12.0,
  "scale_floor": 0.02,
  "harm_k": 0.5,
  "final_accuracy": 0.125,
  "final_loss": 4.279788494110107,
  "max_raw_gain": 3764.66455078125,
  "max_applied_gain": 3764.66455078125,
  "mean_applied_gain": 1049.2845445448352,
  "std_applied_gain": 1104.8218760841703,
  "min_scale": 1.0,
  "mean_scale": 1.0,
  "floor_hits": 0,
  "runtime_seconds": 15210.809040424996,
  "device": "cuda:0 NVIDIA GB10",
  "hostname": "dgx",
  "commit_sha": "71be6567d492762cd995ca8927cb27e637cf6645",
  "python": "3.14.3",
  "torch": "2.11.0+cu130",
  "status": "completed",
  "final_acc": 0.125,
  "max_gain_raw_max": 3764.66455078125,
  "max_gain_applied_max": 3764.66455078125,
  "harm_scale_mean": 1.0,
  "harm_scale_min": 1.0,
  "time_sec": 15210.809040424996
}