{
  "run_name": "harm_s2",
  "mode": "harm",
  "seed": 2,
  "steps": 15000,
  "completed_steps": 15000,
  "gain_target": 12.0,
  "scale_floor": 0.02,
  "harm_k": 0.5,
  "final_accuracy": 0.046875,
  "final_loss": 4.731197357177734,
  "max_raw_gain": 123775856.0,
  "max_applied_gain": 12.391329765319824,
  "mean_applied_gain": 11.688772947557512,
  "std_applied_gain": 1.8747516770030488,
  "min_scale": 0.10711969253616525,
  "mean_scale": 0.24238459682806113,
  "floor_hits": 0,
  "runtime_seconds": 7859.223748262972,
  "device": "cuda:0 NVIDIA GB10",
  "hostname": "gx10-e313",
  "commit_sha": "71be6567d492762cd995ca8927cb27e637cf6645",
  "python": "3.14.3",
  "torch": "2.11.0+cu130",
  "status": "completed",
  "final_acc": 0.046875,
  "max_gain_raw_max": 123775856.0,
  "max_gain_applied_max": 12.391329765319824,
  "harm_scale_mean": 0.24238459682806113,
  "harm_scale_min": 0.10711969253616525,
  "time_sec": 7859.223748262972
}