{
  "run_name": "harm_s0",
  "mode": "harm",
  "seed": 0,
  "steps": 100,
  "completed_steps": 100,
  "gain_target": 5.0,
  "scale_floor": 0.05,
  "harm_k": 1.0,
  "final_accuracy": 0.03125,
  "final_loss": 4.903709888458252,
  "max_raw_gain": 1.6997755765914917,
  "max_applied_gain": 1.6997755765914917,
  "mean_applied_gain": 1.6085253477096557,
  "std_applied_gain": 0.06859237771759548,
  "min_scale": 1.0,
  "mean_scale": 1.0,
  "floor_hits": 0,
  "runtime_seconds": 339.0561319059925,
  "device": "cuda:0 NVIDIA GB10",
  "hostname": "dgx",
  "commit_sha": "f6bdf6155b2b683c4193c698db2f70f7db849918",
  "python": "3.14.3",
  "torch": "2.11.0+cu130",
  "status": "completed",
  "final_acc": 0.03125,
  "max_gain_raw_max": 1.6997755765914917,
  "max_gain_applied_max": 1.6997755765914917,
  "harm_scale_mean": 1.0,
  "harm_scale_min": 1.0,
  "time_sec": 339.0561319059925
}