{
  "run_name": "harm_s0",
  "mode": "harm",
  "seed": 0,
  "gain_target": 12.0,
  "min_scale": 0.02,
  "harm_k": 0.5,
  "final_loss": 4.331296443939209,
  "final_acc": 0.125,
  "max_gain_raw_max": 281125248.0,
  "max_gain_applied_max": 12.472010612487793,
  "harm_scale_mean": 0.2941811046645654,
  "harm_scale_min": 0.09354224570328529,
  "floor_hits": 0,
  "time_sec": 3460.4646784560755
}