{
  "run_name": "mhc_s0",
  "mode": "mhc",
  "seed": 0,
  "steps": 15000,
  "completed_steps": 15000,
  "gain_target": 12.0,
  "scale_floor": 0.02,
  "harm_k": 0.5,
  "final_accuracy": 0.109375,
  "final_loss": 4.57741117477417,
  "max_raw_gain": 605.268798828125,
  "max_applied_gain": 1.030686855316162,
  "mean_applied_gain": 1.0277737225255659,
  "std_applied_gain": 0.00156456428405305,
  "min_scale": 1.0,
  "mean_scale": 1.0,
  "floor_hits": 0,
  "runtime_seconds": 8620.452444980852,
  "device": "cuda:0 NVIDIA GB10",
  "hostname": "gx10-e313",
  "commit_sha": "71be6567d492762cd995ca8927cb27e637cf6645",
  "python": "3.14.3",
  "torch": "2.11.0+cu130",
  "status": "completed",
  "final_acc": 0.109375,
  "max_gain_raw_max": 605.268798828125,
  "max_gain_applied_max": 1.030686855316162,
  "harm_scale_mean": 1.0,
  "harm_scale_min": 1.0,
  "time_sec": 8620.452444980852
}