{
  "run_name": "res_scale_s2",
  "mode": "res_scale",
  "seed": 2,
  "steps": 15000,
  "completed_steps": 15000,
  "gain_target": 12.0,
  "scale_floor": 0.02,
  "harm_k": 0.5,
  "residual_scale": 0.25,
  "final_accuracy": 0.015625,
  "final_loss": 4.649734973907471,
  "max_raw_gain": 6019.4345703125,
  "max_applied_gain": 9.306507110595703,
  "mean_applied_gain": 4.418943039832577,
  "std_applied_gain": 2.3430163070794836,
  "min_scale": 1.0,
  "mean_scale": 1.0,
  "floor_hits": 0,
  "runtime_seconds": 7797.710899889935,
  "device": "cuda:0 NVIDIA GB10",
  "hostname": "gx10-e313",
  "commit_sha": "db9c517a62c4b07a0556514f8d343d5d797442a6",
  "python": "3.14.3",
  "torch": "2.11.0+cu130",
  "status": "completed",
  "final_acc": 0.015625,
  "max_gain_raw_max": 6019.4345703125,
  "max_gain_applied_max": 9.306507110595703,
  "harm_scale_mean": 1.0,
  "harm_scale_min": 1.0,
  "time_sec": 7797.710899889935
}