{
  "run_name": "harm_s1",
  "mode": "harm",
  "seed": 1,
  "steps": 15000,
  "completed_steps": 15000,
  "gain_target": 12.0,
  "scale_floor": 0.02,
  "harm_k": 0.5,
  "final_accuracy": 0.125,
  "final_loss": 4.44406270980835,
  "max_raw_gain": 12985592.0,
  "max_applied_gain": 12.660486221313477,
  "mean_applied_gain": 11.435238745904737,
  "std_applied_gain": 2.003211662532294,
  "min_scale": 0.10553459950528461,
  "mean_scale": 0.26344383117467546,
  "floor_hits": 0,
  "runtime_seconds": 16713.080313137965,
  "device": "cuda:0 NVIDIA GB10",
  "hostname": "dgx",
  "commit_sha": "71be6567d492762cd995ca8927cb27e637cf6645",
  "python": "3.14.3",
  "torch": "2.11.0+cu130",
  "status": "completed",
  "final_acc": 0.125,
  "max_gain_raw_max": 12985592.0,
  "max_gain_applied_max": 12.660486221313477,
  "harm_scale_mean": 0.26344383117467546,
  "harm_scale_min": 0.10553459950528461,
  "time_sec": 16713.080313137965
}