{
  "run_name": "res_scale_s1",
  "mode": "res_scale",
  "seed": 1,
  "steps": 15000,
  "completed_steps": 15000,
  "gain_target": 12.0,
  "scale_floor": 0.02,
  "harm_k": 0.5,
  "residual_scale": 0.25,
  "final_accuracy": 0.046875,
  "final_loss": 4.6480393409729,
  "max_raw_gain": 3614366.5,
  "max_applied_gain": 43.240821838378906,
  "mean_applied_gain": 18.293059368287363,
  "std_applied_gain": 13.33181206174935,
  "min_scale": 1.0,
  "mean_scale": 1.0,
  "floor_hits": 0,
  "runtime_seconds": 17185.381999969017,
  "device": "cuda:0 NVIDIA GB10",
  "hostname": "dgx",
  "commit_sha": "db9c517a62c4b07a0556514f8d343d5d797442a6",
  "python": "3.14.3",
  "torch": "2.11.0+cu130",
  "status": "completed",
  "final_acc": 0.046875,
  "max_gain_raw_max": 3614366.5,
  "max_gain_applied_max": 43.240821838378906,
  "harm_scale_mean": 1.0,
  "harm_scale_min": 1.0,
  "time_sec": 17185.381999969017
}