{
  "run_name": "gt3.0_ms0.1_k1.0_s0",
  "mode": "harm",
  "seed": 0,
  "gain_target": 3.0,
  "min_scale": 0.1,
  "harm_k": 1.0,
  "final_loss": 4.870523452758789,
  "final_acc": 0.0,
  "max_gain_raw_max": 42.33510208129883,
  "max_gain_applied_max": 3.110403537750244,
  "harm_scale_mean": 0.5058382666105855,
  "harm_scale_min": 0.25314227393839966,
  "floor_hits": 0,
  "time_sec": 276.69037164212205
}