{
  "run_name": "gt3.0_ms0.05_k0.5_s0",
  "mode": "harm",
  "seed": 0,
  "gain_target": 3.0,
  "min_scale": 0.05,
  "harm_k": 0.5,
  "final_loss": 4.795478820800781,
  "final_acc": 0.03125,
  "max_gain_raw_max": 43.31685256958008,
  "max_gain_applied_max": 3.1479296684265137,
  "harm_scale_mean": 0.651754477901778,
  "harm_scale_min": 0.19574549387253126,
  "floor_hits": 0,
  "time_sec": 276.56640329700895
}