{
  "run_name": "mhc_s0",
  "mode": "mhc",
  "seed": 0,
  "steps": 100,
  "completed_steps": 100,
  "gain_target": 5.0,
  "scale_floor": 0.05,
  "harm_k": 1.0,
  "final_accuracy": 0.03125,
  "final_loss": 4.907830715179443,
  "max_raw_gain": 1.5131590366363525,
  "max_applied_gain": 1.030334234237671,
  "mean_applied_gain": 1.0294768571853639,
  "std_applied_gain": 0.0004878147628484163,
  "min_scale": 1.0,
  "mean_scale": 1.0,
  "floor_hits": 0,
  "runtime_seconds": 323.9974155710079,
  "device": "cuda:0 NVIDIA GB10",
  "hostname": "dgx",
  "commit_sha": "f6bdf6155b2b683c4193c698db2f70f7db849918",
  "python": "3.14.3",
  "torch": "2.11.0+cu130",
  "status": "completed",
  "final_acc": 0.03125,
  "max_gain_raw_max": 1.5131590366363525,
  "max_gain_applied_max": 1.030334234237671,
  "harm_scale_mean": 1.0,
  "harm_scale_min": 1.0,
  "time_sec": 323.9974155710079
}