{
  "run_name": "hc_s0",
  "mode": "hc",
  "seed": 0,
  "steps": 15000,
  "completed_steps": 15000,
  "gain_target": 12.0,
  "scale_floor": 0.02,
  "harm_k": 0.5,
  "final_accuracy": 0.078125,
  "final_loss": 4.626795291900635,
  "max_raw_gain": 62.88275146484375,
  "max_applied_gain": 62.88275146484375,
  "mean_applied_gain": 18.735867419550495,
  "std_applied_gain": 17.40712231522967,
  "min_scale": 1.0,
  "mean_scale": 1.0,
  "floor_hits": 0,
  "runtime_seconds": 16664.944850307074,
  "device": "cuda:0 NVIDIA GB10",
  "hostname": "dgx",
  "commit_sha": "f6bdf6155b2b683c4193c698db2f70f7db849918",
  "python": "3.14.3",
  "torch": "2.11.0+cu130",
  "status": "completed",
  "final_acc": 0.078125,
  "max_gain_raw_max": 62.88275146484375,
  "max_gain_applied_max": 62.88275146484375,
  "harm_scale_mean": 1.0,
  "harm_scale_min": 1.0,
  "time_sec": 16664.944850307074
}