{
  "run_name": "gt5.0_ms0.05_k0.5_s0",
  "mode": "harm",
  "seed": 0,
  "gain_target": 5.0,
  "min_scale": 0.05,
  "harm_k": 0.5,
  "final_loss": 4.847080707550049,
  "final_acc": 0.0,
  "max_gain_raw_max": 43.42168426513672,
  "max_gain_applied_max": 5.1166791915893555,
  "harm_scale_mean": 0.5798491320941437,
  "harm_scale_min": 0.3354861312461054,
  "floor_hits": 0,
  "time_sec": 276.72765448712744
}